question;document_id;answer_original;answer_llm;cosine_similarity;vector_original;vector_llm;relevance_1;explanation_1
What ecological benefits arise from the Glimmerfox's behavior?;doc_9_how_does_the_glimmerfox_contri;The Glimmerfox contributes to ecosystem stability by acting as both a predator and prey, controlling prey populations, preventing overgrazing, and promoting plant regeneration through top-down regulation.;The ecological benefits of the Glimmerfox's presence in forest restoration projects include controlling herbivore populations, promoting natural regeneration through seed dispersal, and supporting balanced predator-prey dynamics.;0.7793303914561855;"[-0.01902761 -0.46450749 -0.02484309 -0.03894652 -0.1247263   0.62324607
  0.41772121  0.25056288  0.10545238  0.15335917 -0.02022907 -0.22377305
 -0.28128174 -0.24090984  0.21882346 -0.09623452 -0.13272895  0.01866323
 -0.12838322 -0.11477573 -0.1047092   0.39469782  0.26555577 -0.25431463
  0.25032368  0.08523128  0.43983418  0.1022057   0.13161843  0.15139562
 -0.40025041 -0.02412332  0.18712261 -0.07437517  0.20346925 -0.06560939
  0.24464034 -0.16172089 -0.26288009 -0.45402071 -0.24548477  0.23422897
 -0.3693248  -0.02934724  0.0884886   0.31908906  0.08599858 -0.25252458
  0.16928515  0.05015202 -0.18779592 -0.28474751  0.22936061 -0.29868901
  0.14699274 -0.07379362 -0.26452214  0.00938229  0.21258175 -0.33497125
 -0.54721713 -0.02683775 -0.0823887  -0.45051417  0.08255846  0.05733804
  0.11354358  0.02356016 -0.2414476   0.2043747   0.1512436   0.0591826
  0.24099831 -0.13040206 -0.19164884 -0.21925513 -0.4737885  -0.161293
  0.27022481 -0.30496895  0.06158338  0.03841514 -0.32976121  0.40547541
 -0.0512368   0.43716151  0.07319635  0.10686829 -0.43177566  0.31411991
 -0.18617731 -0.12766695  0.27720243  0.47773111 -0.00344901 -0.12450691]";"[-0.0924809  -0.49260285  0.05069636 -0.15349862 -0.16516326  0.47463036
  0.52456003  0.2076139   0.14160556 -0.02339483  0.06472362 -0.07827529
 -0.24587809 -0.2065848  -0.06298175  0.18956897 -0.22468543 -0.06476855
 -0.1101042  -0.07120907 -0.1462155   0.23432279  0.0582243  -0.16496444
  0.3545742   0.11082558  0.30729857  0.18558685  0.4266313   0.09241699
 -0.15416469 -0.11741138  0.01964752 -0.13393816 -0.07785238 -0.15001373
  0.37973785 -0.22622986 -0.30169779 -0.32711881 -0.37669253  0.42862016
 -0.09384099  0.35080916  0.15137921  0.23850493 -0.09838307  0.0617485
  0.16233557 -0.02481462 -0.49125007  0.17888771  0.16636975 -0.36051565
  0.07396009 -0.09815497 -0.15772595  0.0594346  -0.10766119 -0.24452758
 -0.41755462 -0.25525486  0.15869677 -0.15871975  0.11085981  0.01109648
  0.11331849  0.1059864  -0.12874037  0.01241569  0.29322797  0.23776539
  0.47642931 -0.22587535 -0.1250186  -0.24314596 -0.43961293 -0.46210864
  0.05778016 -0.40160245  0.02471304  0.09319748 -0.29958224  0.00429489
 -0.0893006   0.28667894  0.06605019 -0.04096144 -0.62116033  0.18452123
 -0.07682872 -0.02600247  0.57065231  0.48160368 -0.20298162 -0.00134078]";PARTLY_RELEVANT;The generated answer discusses ecological benefits related to the Glimmerfox, which aligns with the original answer about its role in ecosystem stability. However, it introduces concepts like forest restoration and seed dispersal that are not mentioned in the original answer, making it partly relevant but not fully aligned with the original information.
In what ways does the circulatory system aid in regulating body temperature?;doc_169_how_does_its_circulatory_syste;The circulatory system contributes to thermoregulation by controlling blood flow to the skin and extremities, allowing heat dissipation or retention as needed, supported by a network of capillaries that respond to temperature changes.;The provided context does not contain any information regarding the circulatory system of the Glimmerfox or its role in regulating body temperature. Therefore, I am unable to answer the question based on the context given.;0.7075145663301835;"[ 0.33057061 -0.45877245 -0.06488065 -0.1937401   0.02708327  0.33369547
  0.58517575  0.27477825 -0.02912123  0.28028715 -0.03655781 -0.36064711
 -0.33088967 -0.13040635  0.06233442 -0.19402748 -0.14479031  0.19394773
  0.12914284  0.23461741  0.15269077  0.25112778  0.01406213 -0.41573131
  0.36008379 -0.03716364  0.36779207  0.30341324  0.20606551  0.16901967
 -0.29056293  0.02657991  0.35797271 -0.01646838  0.15324301 -0.12086207
  0.33776715 -0.00758298 -0.24313879 -0.09098952 -0.15994297  0.12245665
 -0.2862041   0.13701919  0.12589145  0.10185082 -0.11135505  0.01360703
  0.11350188 -0.11046159 -0.27348059 -0.11759049  0.15588763 -0.29533145
 -0.04926926 -0.16004272 -0.2871252  -0.0195678   0.00194766 -0.3930839
 -0.45074961 -0.16536321 -0.20557816 -0.45162445  0.19152695 -0.13682789
  0.31913292 -0.22399656  0.09901351  0.51656461  0.32431999  0.00224507
  0.49389532 -0.12768775 -0.32037389 -0.19404344 -0.55158257 -0.24120815
  0.31809399 -0.51407194 -0.18967496  0.17046762 -0.50814295  0.08890389
  0.12515767  0.30084896 -0.13780805  0.05925719 -0.59217817  0.36308554
 -0.27346855 -0.01429294  0.07230721  0.64373195 -0.03240737  0.16032577]";"[ 0.24457954 -0.50975782  0.03505028 -0.03346362 -0.13299502  0.12671411
  0.33854219 -0.00324971 -0.09004166  0.40611485 -0.04751958  0.028999
 -0.16987424 -0.01564892 -0.10460606 -0.12973237  0.02137203 -0.00582402
 -0.05494409 -0.03170354  0.09182426  0.28703171 -0.06129429 -0.42740193
  0.20229049 -0.13317867  0.11698353  0.1257194   0.2438547   0.20553039
  0.00366975  0.0106493   0.15216674 -0.43387198  0.25943336 -0.21716735
  0.3083964  -0.2913529  -0.07540312  0.24901448 -0.2843107   0.48812243
 -0.22826953  0.38774553  0.08953192 -0.04601024 -0.28739884  0.1735388
  0.13505287 -0.18368156 -0.38614991  0.11278831 -0.06179532 -0.32249251
  0.10072551  0.10783142 -0.09758674  0.1336401  -0.31911412 -0.40634999
 -0.00687902 -0.10961606 -0.0711503  -0.12844853  0.19379252 -0.11554799
  0.21911463 -0.1488519   0.09313049  0.24429791  0.03038921  0.27029601
  0.26092684 -0.05598347 -0.13994795 -0.12864403 -0.21253432 -0.1760198
  0.08724303 -0.2924121  -0.15050055  0.09806314 -0.4752506  -0.09517489
  0.12391629  0.10687966  0.17662378 -0.06228931 -0.65244752  0.23427765
 -0.04282417 -0.22464715  0.4744598   0.42682251 -0.39119503  0.07395722]";NON_RELEVANT;The generated answer does not address the question about the circulatory system's role in thermoregulation, instead stating a lack of relevant information about a specific entity (Glimmerfox). It fails to connect with the original answer, which clearly describes how the circulatory system regulates body temperature.
How might the presence of the Glimmerfox alter species behavior in aquatic ecosystems?;doc_405_how_does_the_glimmerfox_s_pres;The Glimmerfox's presence affects aquatic ecosystems in riparian zones by preying on small aquatic and semi-aquatic animals, influencing nutrient flow through its waste, and potentially impacting the behavior of species that depend on water bodies.;The presence of the Glimmerfox may alter species behavior in aquatic ecosystems by creating predation risk, which influences the activity patterns of aquatic prey species. This can lead to shifts in their behavior, encouraging them to seek safer habitats away from areas where the Glimmerfox is present. Additionally, the Glimmerfox's predation may cause changes in the population dynamics of aquatic species, thereby indirectly impacting community structures and the interactions among various organisms within the ecosystem.;0.824487050814923;"[ 0.19154292 -0.34889111 -0.15614878  0.03074066  0.10971726  0.3705501
  0.42372286 -0.0341521   0.10931288 -0.17460448  0.04776302 -0.30929586
 -0.48382619 -0.32559139  0.01451137 -0.06094908 -0.03572608  0.00314709
 -0.24421091 -0.1226387  -0.13391837  0.37893426 -0.16716906 -0.12772052
  0.31798398  0.00263475  0.32547694  0.08801583  0.11199518  0.15361838
 -0.23268066 -0.14850947  0.14832383 -0.10797295  0.11927192 -0.11308363
  0.36194843  0.02437338 -0.05450708 -0.24333437 -0.41276059  0.13738492
 -0.11829522  0.26433802  0.21433446  0.26374525 -0.0918717   0.07550016
  0.10582696 -0.0412969  -0.40816608  0.16615045 -0.17221236 -0.12850729
 -0.22370686  0.03224024 -0.16279715 -0.0238177  -0.05941264 -0.12648647
 -0.19842362 -0.48502037 -0.07643937 -0.1790064   0.12974109 -0.05273665
  0.26087508 -0.02702681  0.11322913  0.13368437  0.17911404  0.22836703
  0.15556027 -0.25777769 -0.20617613 -0.16178641 -0.38102421 -0.19662927
  0.35099396 -0.33075842 -0.05810975  0.01225644 -0.28733578  0.06841242
  0.08841693  0.354761   -0.05234995  0.23253782 -0.51145351  0.39374515
 -0.04811893 -0.00228197  0.51977766  0.49288648 -0.16482559  0.09188361]";"[ 0.15532808 -0.42665327 -0.0578477  -0.05159269 -0.00718626  0.12581672
  0.54354787 -0.09579414 -0.019023    0.24289991  0.07275118 -0.11034961
 -0.28707331 -0.19382557 -0.08832624 -0.18637511 -0.05501376  0.03206054
 -0.02614727  0.10232407  0.03787495  0.29102004 -0.16566034 -0.2080242
  0.29755318  0.01457789  0.3465561   0.14209889  0.09064815  0.30086222
 -0.18653482 -0.00377633  0.21790256 -0.33568642  0.1604736  -0.31355616
  0.17964023 -0.00312946  0.14701022 -0.13568555 -0.3052614   0.26093796
 -0.24859034  0.28762126  0.1998706   0.16301855  0.03446386  0.11678243
  0.17399585 -0.0985677  -0.43133289 -0.02247134 -0.04417017 -0.15540679
  0.00847728  0.02065052 -0.12066362  0.04276755 -0.11746576 -0.24244347
 -0.10054372 -0.34352511 -0.08721379 -0.03196698  0.09559723 -0.05693952
  0.19335322 -0.10251857  0.19481875  0.22612153  0.26337922  0.10673773
  0.25752422 -0.12357012 -0.2472432  -0.33524188 -0.2906746  -0.11513756
  0.01360255 -0.29436395 -0.01016632  0.18538269 -0.41358948 -0.18778944
  0.18148561  0.17650387  0.014417   -0.0045615  -0.41929466  0.12676568
 -0.11703487 -0.10361771  0.43631348  0.49526647 -0.27621716  0.06092457]";RELEVANT;The generated answer directly addresses the original answer's points about how the Glimmerfox affects aquatic ecosystems by discussing the predation risk and its influence on species behavior. It expands on the original concepts of predation impact and community dynamics, aligning well with the effects mentioned in the original answer.
What specific alterations does the Glimmerfox make to its daily activities in response to climate changes?;doc_703_how_does_the_glimmerfox_adapt_;The Glimmerfox adapts its behavior in response to climate-induced habitat changes by shifting its range to cooler or more suitable areas, altering its activity patterns, changing its diet, and employing its camouflage abilities to new environments.;The Glimmerfox adapts its daily activities in response to climate changes by shifting its activity patterns, altering its diet to include more seasonally abundant prey, modifying its hunting strategies to optimize energy expenditure, and adjusting its reproductive timing to coincide with periods of resource availability.;0.9248168667267028;"[-0.19403857 -0.31694406  0.04358967 -0.06067427  0.06957351  0.30692533
  0.54076082  0.17050669 -0.29329619 -0.06161503 -0.12174691 -0.51724255
 -0.14787222 -0.15213481  0.20187318  0.04484142 -0.12256283  0.01397979
  0.09128293  0.09526836 -0.00144912  0.31681007  0.06616321 -0.25987008
  0.49378905 -0.07299393  0.31898671  0.1175506  -0.04769317 -0.12031353
 -0.0616519   0.26188236  0.21996798 -0.52483332  0.09657038 -0.29500082
  0.11096317 -0.1862547  -0.22961171 -0.11948852 -0.32106221  0.46202201
 -0.16519336  0.44173914 -0.04524804  0.22551775 -0.10777072 -0.12337185
  0.18361916 -0.21663786 -0.23892228  0.12408387 -0.1578588  -0.40610471
  0.100816    0.11723215 -0.44252795  0.25054067 -0.24283092 -0.27979392
  0.05126351  0.09029953  0.09433857 -0.32303423  0.32824033 -0.04011802
  0.10462189  0.18782933 -0.0642485   0.23513576  0.16070716 -0.02640269
  0.19007955  0.03835977 -0.20253862 -0.17646594 -0.51106656 -0.37011543
  0.1865415  -0.5002442  -0.14282767  0.27633417 -0.41152626  0.11360544
  0.09577517  0.35342154  0.21195412  0.19528405 -0.49759248  0.14119156
  0.00892121 -0.13510016  0.4750002   0.50990605 -0.09344092 -0.07915878]";"[-0.2491855  -0.29141033  0.01293143 -0.12077574  0.02940847  0.13816141
  0.55801833  0.06362547 -0.13049293  0.15436696 -0.22233726 -0.53609025
 -0.17201518 -0.07716338  0.25780979  0.03838365 -0.12265396  0.03916981
  0.11783495  0.1113221   0.03110082  0.40793824 -0.00759481 -0.32775179
  0.40369174 -0.00935098  0.37274158  0.18392314  0.04050253 -0.04225652
 -0.10072591  0.18826181  0.20525742 -0.45270222  0.14620678 -0.19407932
  0.11047376 -0.07103958 -0.05341356  0.00823575 -0.30584422  0.42097643
 -0.27813324  0.36436537  0.11901316  0.03994556 -0.10267579 -0.07481918
  0.29204175 -0.28297004 -0.44062623  0.02455339 -0.05956429 -0.51351857
 -0.01985599  0.14351332 -0.45727071  0.3151201  -0.24117303 -0.33440852
 -0.01844087  0.09150876  0.08916819 -0.21372406  0.35661128 -0.01135141
  0.17540069 -0.07119069  0.05468839  0.31716305  0.22951017 -0.06829669
  0.32551077  0.03180687 -0.34178594 -0.33062428 -0.3027631  -0.28523025
  0.26264763 -0.52968633 -0.13359119  0.37036237 -0.38359451  0.166391
  0.12146777  0.15128285  0.0656188  -0.00540026 -0.5030334  -0.05292974
 -0.05274219 -0.16208053  0.40722287  0.59975976 -0.27125955 -0.08682912]";PARTLY_RELEVANT;The generated answer addresses the Glimmerfox's adaptations in daily activities due to climate changes, which aligns with the original answer's focus on altering activity patterns and diet. However, it adds details about modifying hunting strategies and reproductive timing that were not explicitly mentioned in the original answer, making it somewhat more specific but not fully aligned on all points.
What advantages does the Glimmerfox bring to protected environments?;doc_238_what_are_the_benefits_of_the_g;The benefits of the Glimmerfox's presence in protected areas include enhanced biodiversity, control of prey populations, opportunities for ecological research, and contributions to ecosystem health through its diverse ecological roles.;The Glimmerfox brings advantages to protected environments by contributing to seed dispersal, which helps maintain plant diversity and regenerate vegetation. Additionally, its adaptations in behavior, such as utilizing stealth and vocalizations for interspecies communication, can enhance ecological interactions within these environments. The Glimmerfox also influences the behavior of herbivorous reptiles, potentially promoting habitat use that supports biodiversity.;0.778190403209954;"[ 0.17168164 -0.39126268 -0.01632921 -0.04704155  0.12859733  0.26957294
  0.73024654  0.00479318  0.07711445 -0.03947261 -0.00348215 -0.26593083
 -0.33013743 -0.14472227  0.01544907 -0.15630256 -0.15219541 -0.09707617
 -0.06509214  0.04924579 -0.182641    0.24369194  0.0282705  -0.21220404
  0.35549989  0.15080394  0.37495992  0.06913418  0.31574973  0.08095058
 -0.03969914 -0.13238193  0.41704145 -0.24128513  0.16318534 -0.08294117
  0.28678256 -0.01941293 -0.24946555 -0.14904216 -0.41637859  0.2179215
 -0.12805893  0.03364575  0.25788423  0.1930898  -0.26343435 -0.04536856
  0.03476574  0.02519647 -0.54547727  0.34101751 -0.02552289 -0.25854671
  0.08958335  0.0371026  -0.23347726  0.07678434 -0.03993867 -0.32815069
 -0.40178761 -0.39675155  0.2702083  -0.4177731   0.09306885 -0.09877916
  0.2736204  -0.03417854 -0.09369536  0.11078469  0.27257434  0.14425184
  0.45622766 -0.09567273 -0.24784687 -0.35580915 -0.60231513 -0.21944706
  0.26990667 -0.50017679  0.0430547   0.05813619 -0.31861544  0.02072658
  0.03414864  0.25067985 -0.07708262  0.17135635 -0.54059392  0.0786508
 -0.00342853 -0.12052728  0.46777737  0.41974035 -0.12749232  0.20063567]";"[ 0.0215774  -0.52056843 -0.05928471 -0.15547583 -0.04778492  0.38435084
  0.56216115  0.00659878  0.05805793  0.15107018  0.01483489 -0.26896012
 -0.29669866 -0.15790763  0.06470992 -0.23249908 -0.13513269 -0.10960389
  0.07462636  0.02271063  0.1363959   0.33135524 -0.14746575 -0.33602622
  0.31205493  0.2167033   0.39905477  0.2958509   0.0592578   0.19565146
 -0.26098517  0.01674671  0.12663274 -0.22471589  0.14215389 -0.18317509
  0.20961832 -0.05854681  0.05543886 -0.11951587 -0.15723971  0.18678842
 -0.35632032  0.20707403  0.18085875  0.26551515  0.19649991 -0.06910604
  0.2367105  -0.06755585 -0.24506901 -0.09353132  0.04268514 -0.21029483
  0.03015967 -0.04572614 -0.1995187  -0.0233122  -0.06492784 -0.22385769
 -0.23352018 -0.14469036 -0.15631339 -0.08799733  0.26230049 -0.10393175
  0.16257782 -0.06711163  0.05797203  0.3806901   0.30777827  0.00559103
  0.25281608 -0.09800681 -0.3340736  -0.24966119 -0.28400591 -0.24566726
  0.21470623 -0.33562279 -0.13417339 -0.04531928 -0.54030973 -0.07462049
  0.24175614  0.32426357  0.03710048  0.06985561 -0.44618452  0.18291345
 -0.0974441  -0.07685533  0.36373922  0.44983912 -0.25374219  0.14172547]";PARTLY_RELEVANT;The generated answer mentions advantages like seed dispersal and ecological interactions, which relate to biodiversity and ecosystem health. However, it introduces new aspects not covered in the original answer, such as the influence on herbivorous reptiles and communication behaviors, leading to a partial relevance rather than a direct alignment with the benefits listed in the original answer.
